bus,V1_kV_LN,V1_pu,V1_deg
b1,0.611991,1.060000,0.000001
b2,0.881211,1.526303,96.376753
b5,0.727189,1.259529,4.268994
b3,0.578224,1.001513,73.964954
b4,0.600331,1.039804,109.993655
b6,0.783475,1.357019,5.209130
b11,0.072188,0.125033,-21.863081
b12,0.038685,0.067004,-41.734764
b13,0.032213,0.055795,-32.546948
b7,0.613280,1.062232,114.636752
b8,0.618862,1.071901,122.275290
b9,0.614509,1.064360,112.283265
b10,0.050707,0.087827,77.563126
b14,0.011352,0.019662,65.991018
